Speed,Acceleration,EngineRevolution,Accelerator,Clutch,Brake,Steering,Switches,Gear,WheelSlip,DistanceToCenterOfLane,PX,PY,PZ,category,output
22.4298066,0.082252567,265.0465477,0.164597188,0.992196822,0.003706724,-0.032688117,0,4,0,2.660643667,1254.288839,4217.311259,-0.01,200Y,1
23.88366275,-0.668779575,282.5258333,0.416794608,0.995968791,0.163153105,-0.246760931,0,4,13.7254902,3.755826975,-4188.509085,5616.163905,0,200Y,1
19.2765031,0.097967917,227.774718,0.15909185,0.961204528,0,-0.028083338,0,4,0,2.251744631,1811.828461,5999.67414,-0.01,200Y,1
21.01428898,-0.057411018,171.950735,0.206029289,0.999976987,0.020285216,-0.038532357,0,5,0,2.729845664,-4196.767713,5599.72325,0,200Y,1
22.29933062,-0.292890799,182.5289517,0.255531071,0.995538763,0.063278884,-0.039753997,0,5,0,2.16930026,1812.517617,6001.647345,-0.01,200Y,1
21.90278636,-0.02923433,179.2123876,0.130799043,0.995106459,0,-0.036664833,0,5,0,2.39127979,1259.105359,4214.511806,-0.01,200Y,1
23.6569832,-0.051669767,193.5712506,0.467243928,0.991565245,0.059370801,-0.045770181,0,5,0,2.633898046,1253.03761,4220.406176,-0.01,200Y,1
22.25273299,-0.189213166,263.0562973,0.500598077,0.990773964,0.104938314,-0.054126997,0,4,0,2.930262515,-4195.948728,5603.175799,0,200Y,1
20.02876773,-0.36271641,163.9705419,0.38344163,0.998052974,0.078854405,-0.029231509,0,5,0,2.360947137,1264.737775,4218.232401,-0.01,200Y,1
20.17947687,-0.199838231,237.1217619,0.217845714,0.871453878,0.074713333,-0.035983497,0,2.289795918,0,2.930493737,1811.15351,6004.510395,-0.01,200Y,1
21.83498109,-0.042895758,178.6612788,0.069886788,0.982863758,0,-0.027229539,0,5,0,2.38171852,1258.981624,4212.792485,-0.01,200Y,1
25.81620422,-0.088397468,211.2472588,0.421870886,0.999982419,0.036396765,-0.054050942,0,5,0,3.208223157,1261.977257,4215.853966,-0.01,200Y,1
24.0135865,-0.008469987,283.8002792,0.229121887,0.999274836,0.020530931,-0.042910891,0,4,0,1.913118583,1260.491048,4215.109712,-0.01,200Y,1
19.7307456,-0.401939197,161.5405505,0.251875353,0.995684799,0.091492725,-0.033180825,0,5,0,2.902304695,1284.718827,4204.803518,-0.01,200Y,1
22.33926139,0.074626036,255.8596509,0.182859024,0.962684467,0,-0.043677885,0,3.970414201,0,2.543959249,-4195.199364,5598.858166,0,200Y,1
24.34941503,-0.051084314,309.9232516,0.086518791,0.999988235,0,-0.052489346,0,3,0,3.211261175,1814.342794,6001.37402,-0.01,200Y,1
16.40126794,0.214182725,147.2964016,0.567065717,0.915132858,0.022864025,-0.023467275,0,4.870881567,0,2.451019713,1242.424221,4230.240623,-0.01,200Y,1
17.34183773,-0.001673744,141.8886114,0.225935829,0.99375763,0.023135924,-0.022801744,0,5,0,2.549435413,1260.447981,4218.281592,-0.01,200Y,1
22.56664721,-0.351421809,184.7311363,0.184669393,0.980858488,0.056569888,-0.03078202,0,5,0,3.099434886,1271.238711,4210.69114,-0.01,200Y,1
23.71880352,-0.284684115,194.1405833,0.073953906,0.999997656,0.011358073,-0.123032773,0,5,8.5,3.159149654,1272.766549,4203.950456,-0.01,200Y,1
23.37481285,-0.168873511,191.2910705,0.512983072,0.999785266,0.085448433,-0.054088041,0,5,0,3.515634081,1809.073511,5999.421254,-0.01,200Y,1
22.91854718,0.213104885,244.4920443,0.70214626,0.871936947,0.025367023,-0.072710489,0,4.13740458,0,1.79192476,1804.744931,5991.51458,-0.01,200Y,1
23.57426945,0.026469576,278.5951694,0.183321823,0.999994865,0.010980359,-0.039860398,0,4,0,2.878419341,1256.941399,4218.230231,-0.01,200Y,0
21.60613082,-0.471681959,255.5308065,0.282924253,0.996406093,0.108210514,-0.03604043,0,4,0,2.545078127,1278.066225,4212.172951,-0.01,200Y,0
20.13585451,-0.111126783,238.0112127,0.089605384,0.99988681,0.028056662,-0.029053957,1.658142665,4,0,2.312537531,-4192.779731,5603.150081,0,200Y,0
21.71275396,-0.331633846,177.7402627,0.313932544,0.999154201,0.069793018,-0.038428615,0,5,0.90887574,6.113495422,1278.536663,4211.723787,-0.00956213,200Y,0
18.07264941,0.020831262,147.8607268,0.319492702,0.999286884,0.033125444,-0.024272978,0,5,0,2.767998524,1254.221972,4223.653738,-0.01,200Y,0
18.660026,-0.099605597,157.155898,0.049716915,0.90589204,0.009411443,-0.026647985,0,5,0,1.922373654,-4192.787736,5601.143706,0,200Y,0
22.77280321,-0.447887309,186.4450245,0.056733486,0.99978945,0.03877156,-0.083323486,0,5,5.28440367,2.845725307,-4184.674235,5611.884771,0,200Y,0
21.87650179,-0.061313962,258.5640573,0.17205358,0.999740811,0.029752506,-0.03420599,0,4,0,2.564068659,1263.536468,4213.218699,-0.01,200Y,0
19.52486195,-0.142305065,159.7876714,0.174512078,0.993924156,0.031975974,-0.029578675,0,5,0,2.60574026,-4195.550234,5602.253182,0,200Y,0
24.71562029,-0.132623077,202.2548183,0.306699182,0.999767594,0.035211293,-0.052814386,0,5,0,3.027584638,-4196.733241,5600.260671,0,200Y,0
25.72759972,0.018633706,210.4934266,0.227955944,0.997651748,0,-0.057320657,0,5,0,2.78625399,1256.531245,4215.79786,-0.01,200Y,0
20.57178438,-0.034751881,243.1345735,0.124442987,0.998644812,0.01623797,-0.026696545,0,4,0,3.143434539,1264.293592,4213.229692,-0.01,200Y,0
19.60313772,-0.215903987,231.7582425,0.032861099,0.997190733,0.022419935,-0.024093772,0,4,0,2.366107999,1268.600496,4208.71236,-0.01,200Y,0
21.77713914,-0.197734129,178.230574,0.139791169,0.998958711,0.03131074,-0.027392076,0,5,0,2.87647313,1269.28932,4210.109535,-0.01,200Y,0
24.19200032,-0.012258814,285.9099455,0.117207853,0.992127404,0,-0.052343365,0,4,0,2.691670604,-4196.839872,5596.825897,0,200Y,0
21.69285599,-0.092381257,256.4065421,0.150276512,0.999409609,0.028051839,-0.03036866,0,4,0,2.299061987,1263.741898,4214.450866,-0.01,200Y,0
19.77692305,-0.093412013,253.0788626,0.058682251,0.925787879,0.012395563,-0.023093788,0,3,0,2.837987813,1263.935444,4211.609881,-0.01,200Y,0
21.21180866,0.059842379,173.534888,0.45255254,0.993429677,0.027451386,-0.032502714,0,5,0,2.259788804,1255.290346,4220.841582,-0.01,200Y,0
16.96594068,-0.12581435,264.8265119,0.037514237,0.928838418,0.017387571,-0.024412384,0,2.325423729,0,2.473995494,-4194.172927,5600.844113,0,200Y,0
20.12598678,-0.03509967,164.6767302,0.055928634,0.990895485,0,-0.024630551,0,5,0,2.534836393,1259.818084,4212.360815,-0.01,200Y,0
20.7328805,-0.079036508,245.056288,0.134421542,0.962527211,0.029961111,-0.027320873,0,4,0,2.77988421,1256.756531,4218.690522,-0.01,200Y,0
24.95840407,0.017354336,294.9561341,0.160684417,0.959617344,0.006948509,-0.046987575,0,4,0,3.361992406,1258.041436,4216.702737,-0.01,200Y,0
21.67567747,0.028579694,256.1564924,0.196979694,0.992394576,0.016159527,0.038528108,0,4,0,3.167107093,1621.182962,95.42738526,-0.000570236,200Z,1
13.43285793,-0.593537625,255.9762584,0.337446056,0.574716047,0.160926111,0.226203753,0.330915684,3.167724388,10.63825929,4.835312783,-2389.031922,3445.224388,-0.003200363,200Z,1
18.89768002,-0.202290256,223.415922,0.294645067,0.961619001,0.072555786,0.040058027,0,4,1.286236297,2.71680877,4158.749854,2417.124848,-0.01,200Z,1
19.72976603,-0.212984231,161.4835897,0.302192436,0.999963462,0.055315,0.033492141,0,5,0,3.586628205,-2383.51141,3415.09641,0,200Z,1
17.95082371,-0.335147196,146.9627173,0.310971145,0.99542021,0.087871028,0.029248131,0,5,0,2.970922897,4161.644428,2420.25875,-0.01,200Z,1
21.61632877,0.026450069,176.8536708,0.209669018,0.995172752,0,0.032222407,0,5,0,2.649239281,1625.457165,98.91004149,-0.000497925,200Z,1
18.69320628,-1.087395559,152.926392,0.387433384,0.993640429,0.06094732,0.19505608,0,4.7856049,3.087289433,3.067258806,1627.024456,92.68722818,-0.00050536,200Z,1
19.31233411,0.631619755,327.6157706,0.414197301,0.936542577,0,0.038221926,0,2.088343558,0,3.054748466,-2367.698687,3389.839018,0,200Z,1
21.09731621,0.197087363,172.5606154,0.505904945,0.998384478,0.022358104,0.037005659,0,5,0,3.338722527,1612.4075,87.48679945,-0.000590659,200Z,1
20.61742641,0.20430841,267.0998515,0.433408279,0.915573193,0.043447963,0.046525388,0,2.320630749,0,3.085466491,4140.398686,2404.542063,-0.01,200Z,1
21.1371489,-0.046117265,172.9522348,0.062842956,0.984572238,0,0.029971381,0,5,0,3.034654696,1626.989627,102.6682597,-0.000483425,200Z,1
24.73715561,0.143195419,202.3561043,0.422214692,0.999997156,0.009407741,0.057960632,0,5,0,2.820963665,1619.098894,94.30371248,-0.000552923,200Z,1
11.70158149,-0.219201975,200.4108976,0.345931748,0.739637308,0,0.131460029,0,2.996342356,0.921726408,2.929553767,1625.104638,68.46639356,-0.000102414,200Z,1
22.90630585,0.044658772,270.6937354,0.265109503,0.997148684,0.026526754,0.047712412,0,4,0,2.956374269,1620.834956,93.07017544,-0.000584795,200Z,1
24.11398333,0.220509502,271.7723769,0.446929907,0.960018847,0,0.07674785,0,4.018691589,0,5.380545171,-2382.235981,3404.828022,0,200Z,1
23.32012232,-0.068326094,296.830457,0.055191403,0.999986576,0,0.03756638,0,3,0,3.432458522,4153.585852,2422.42184,-0.01,200Z,1
9.478049308,-0.161926939,291.0228863,0.209985628,0.651943536,0.006770355,0.034675262,0,1.828021648,0.023451594,2.190487072,1671.724179,206.3137041,-0.000222489,200Z,1
18.93358761,0.030943621,154.9024399,0.253880073,0.994024787,0.027544836,0.028883366,0,5,0,3.502952612,1620.597922,100.0116889,-0.000583232,200Z,1
7.986527766,-0.17879599,170.5482482,0.18124731,0.702690558,0.017779391,0.102304061,0,2.140609137,0,2.091040609,1622.629548,64.95720305,-0.000152284,200Z,1
22.98749395,-0.027868584,188.0869661,0.10830531,1,0,0.035870133,0,5,0,3.111740413,1626.206416,101.7799263,-0.000530973,200Z,1
23.57701849,-0.400244684,193.0136086,0.507572881,0.999897843,0.128647149,0.104810616,0,5,6.952234206,3.005793529,4165.265223,2428.849723,-0.01,200Z,1
11.99978829,-0.286112404,166.9356579,0.399300539,0.872027658,0.027032974,0.308817943,0,2.701848998,1.146379045,2.862419106,4141.931495,2386.205593,-0.01,200Z,1
19.59042829,0.187696245,231.5186984,0.251485607,0.969554944,0.013753066,0.031306846,0,4,0,2.9822403,1615.283742,89.79090113,-0.000700876,200Z,0
21.00710754,0.005558546,248.2635585,0.220754509,0.996308614,0.03424751,0.033789529,0,4,0,3.040067295,1624.76035,95.22597577,-0.000551817,200Z,0
22.15552539,-0.009423529,261.8415882,0.084524534,0.999925825,0.006437016,0.032205524,0,4,0,2.946987088,-2388.476227,3416.024304,0,200Z,0
18.69761729,-0.078739136,153.0019664,0.181601561,0.999062305,0.026338175,0.027939964,0.210084034,5,0,3.30180072,1624.30503,96.65037215,-0.000552221,200Z,0
17.24901332,-0.053677293,141.142917,0.089360262,0.999500546,0.010295197,0.023152402,0,5,0,3.147063319,1625.536725,101.0116812,-0.000458515,200Z,0
20.24278235,-0.036712549,172.8340484,0.123310196,0.866093333,0.010569804,0.028874863,0,5,0,2.445189542,-2385.497098,3414.121948,0,200Z,0
23.70416547,-0.358683204,194.0404712,0.032076516,0.999813997,0.004518818,0.174178445,0,5,8.883359253,2.959564541,-2398.501695,3423.622815,0,200Z,0
22.46046563,-0.010377369,265.4458586,0.099363649,0.999768317,0.00469024,0.035113338,0,4,0,3.001640736,1623.036266,99.28178218,-0.000480905,200Z,0
17.73890541,-0.013165823,145.1402313,0.111877791,0.994556617,0.010902301,0.024453855,0,5,0,3.500529344,-2385.739033,3413.026203,0,200Z,0
23.53950107,-0.174632774,256.0280777,0.218302134,0.931645274,0.052995274,0.043799131,0,4.094512195,0,3.237256098,-2383.30346,3413.022378,0,200Z,0
23.54272448,-0.004977003,192.6236855,0.141514985,0.998614243,0,0.042083665,0,5,0,3.229658754,1622.297211,99.18961424,-0.000474777,200Z,0
21.967926,-0.030265837,259.6329267,0.176455048,0.998250622,0.020606501,0.040123721,0,4,0,3.336403873,1616.881646,93.29615491,-0.000539419,200Z,0
21.41009744,0.069944684,253.0009677,0.116953836,0.998426245,0,0.031183661,0,4,0,2.99039031,1620.166851,95.81854643,-0.000551817,200Z,0
22.45897305,-0.075056454,183.7757021,0.212388085,0.999101418,0.024415177,0.034375972,0,5,0,3.233815603,1620.065291,95.80025532,-0.000539007,200Z,0
26.11272703,0.025475338,308.5949105,0.18256098,0.992839696,0,0.057175625,0,4,0,4.498935811,-2386.702635,3412.160524,0,200Z,0
20.05939658,0.02676038,237.0550025,0.134142278,0.999198734,0.016087468,0.029128494,0,4,0,2.963202532,1617.999797,93.26202532,-0.00056962,200Z,0
19.27558112,-0.002780755,246.4030171,0.089080512,0.941262972,0.008667235,0.025906626,0,3,0,3.385249695,1621.994738,97.75660171,-0.00047503,200Z,0
20.28477926,0.138250636,165.9286896,0.37716145,0.99326514,0.016775573,0.031914567,0,5,0,3.269427481,1614.389898,89.03933842,-0.000534351,200Z,0
16.89191279,-0.004219672,213.1062109,0.113558798,0.968967541,0.019617486,0.024517902,0,3.072131148,0,3.017595628,-2381.285803,3411.187279,0,200Z,0
21.50571275,-0.052996608,175.9702402,0.055592266,0.990496744,0,0.029920963,0,5,0,2.850515604,1623.053772,100.1426459,-0.000529172,200Z,0
22.94276609,0.193917098,271.065602,0.275934195,0.963960632,0.017774138,0.043755359,0,4,0,2.953247126,1613.152586,89.29268678,-0.00058908,200Z,0
21.01556636,0.046464106,248.3474543,0.148162252,0.95973457,0.010519603,0.032697444,0,4,0,3.916662252,1616.007947,92.91854305,-0.000490066,200Z,0
24.72586767,0.029206109,292.203343,0.137918891,0.992799812,0,-0.022058731,0,4,0,2.404558271,-597.3981955,2178.806297,-0.000169173,500Y,1
37.61347406,-0.286581935,444.6256452,0.519385935,0.998548903,0.073577806,-0.086208852,0,4,0,2.117470968,-2091.11169,1793.374684,-0.002787097,500Y,1
24.51306709,-0.122302538,200.5946997,0.11906379,0.999978765,0.016030288,-0.018687733,0,5,0,3.340126904,-2091.827056,1797.483316,-0.002664975,500Y,1
26.67577227,0.009839777,218.253663,0.16132915,0.995037348,0,-0.023376012,0,5,0,2.317753036,-602.0649798,2180.92748,-0.000161943,500Y,1
26.77227091,0.372530824,218.9535361,0.710927263,0.991152187,0,-0.034744262,0,5,0,2.742756867,-573.619939,2158.094456,-0.000162767,500Y,1
33.39054937,-0.209820229,394.6971714,0.422235429,0.990639886,0.087762857,-0.039192971,0,4,0,2.762034286,-2088.471177,1790.762526,-0.002651429,500Y,1
26.45934254,0.014373173,216.4815766,0.296647548,0.99825996,0.020284084,-0.023809459,0,5,0,3.207767768,-592.3251051,2170.397447,-0.00015015,500Y,1
21.59604718,-0.013894269,176.698598,0.074680482,0.982834219,0,-0.016775565,0,5,0,2.408280731,-602.0152159,2180.760656,-0.000174419,500Y,1
26.96742352,0.130726994,220.6070706,0.269619121,0.999984969,0,-0.023278262,0,5,0,2.255940695,-591.6507873,2172.18999,-0.000173824,500Y,1
31.21260599,0.189029225,368.801919,0.402905164,0.999429225,0.02384777,-0.046588803,0,4,0,2.431795775,-589.3434977,2168.809284,-0.000199531,500Y,1
29.89459387,-0.043228717,244.6038422,0.138434733,0.996090465,0,-0.025908104,0,5,0,2.985300795,-602.8512486,2180.66294,-0.000170261,500Y,1
34.79992313,0.004732622,284.7253333,0.882304152,0.999996797,0.062814235,-0.05465503,0,5,0,2.267888493,-2080.661957,1787.476109,-0.00262159,500Y,1
24.13927452,0.018619432,307.9878258,0.142690101,0.958915032,0.018121357,-0.020219441,0,3,0,2.296076994,-596.7094959,2173.115481,-0.000192484,500Y,1
26.92011813,0.138374542,220.2179582,0.419138798,0.99359277,0,-0.026298024,0,5,0,2.299022403,-595.3507637,2171.663238,-0.000213849,500Y,1
31.2980516,-0.08933879,256.0993155,0.202471056,0.981701661,0.008769632,-0.038279573,0,5,0,2.753036773,-605.4368683,2183.102206,-0.000154211,500Y,1
24.81897644,-0.097181362,203.0908212,0.036049953,1,0,-0.02019632,0,5,0,2.471967833,-609.2838789,2186.325156,-0.000170293,500Y,1
24.99282821,0.02447189,295.3600826,0.133889174,1,0.00751358,-0.021328594,0,4,0,2.817625831,-597.2368566,2176.597512,-0.000161443,500Y,0
25.73810621,0.289311736,304.0637798,0.279215616,0.996207081,0,-0.024604714,0,4,0,2.291648885,-579.9293404,2163.10935,-0.000174588,500Y,0
25.24847116,0.06230947,298.3665856,0.126078975,0.999945526,0,-0.018644327,0,4,0,2.159791486,-2083.12126,1791.089001,-0.002710686,500Y,0
27.90035394,-0.014712408,228.2796225,0.228156046,0.998981598,0.012747424,-0.024951209,0,5,0,5.8906204,-599.6307361,2172.877781,-0.000126183,500Y,0
22.59010987,-0.007698541,184.8302884,0.227475365,0.999350215,0.019102747,-0.018547305,0,5,0,2.516738197,-587.8956052,2167.946815,-0.000171674,500Y,0
22.04316319,-0.064627681,180.3707529,0.033638859,0.999224943,0,-0.014947985,0,5,0,2.15826616,-2096.667278,1805.4933,-0.002844106,500Y,0
31.27482649,-0.202336324,255.9398119,0.028453405,0.999800649,8.89E-05,-0.027286973,0,5,0,2.33787027,-2100.839427,1809.018724,-0.002908108,500Y,0
25.1058225,0.029257769,296.6936282,0.11886082,0.999723928,0.005335844,-0.020877302,0,4,0,2.358808389,-595.5996854,2174.391621,-0.000171592,500Y,0
7.600083042,-0.053764806,98.58633133,0.112352126,0.639967493,0.002429637,0.312794673,0,2.305243934,0,2.099634751,-2179.723159,1843.815142,-0.007315419,500Y,0
28.92593978,0.015968155,236.6624177,0.177601389,0.999910417,0,-0.02253373,0,5,0,2.919434524,-2088.660962,1795.5663,-0.00265873,500Y,0
23.21390053,-0.04123015,189.9431494,0.064518126,0.997874801,0,-0.018032546,0,5,0,2.379407604,-604.0455968,2181.986172,-0.000176835,500Y,0
15.94720747,-0.191803552,217.6787098,0.197218663,0.81705304,0.002435581,-0.011750391,0,3.284166165,0,2.469259482,-665.339416,2264.284564,-0.000120409,500Y,0
23.2931267,0.043194341,275.2654412,0.124045977,0.997697613,0.00419328,-0.018946348,0,4,0,2.134880637,-595.6950928,2177.178232,-0.000167993,500Y,0
26.70980783,-0.147218718,218.5749217,0.012340692,0.999011292,0,-0.020938301,0,5,0,2.861057986,-610.3916887,2187.49762,-0.00017294,500Y,0
26.29151579,0.053283213,310.6971913,0.139736913,0.992297112,0,-0.021310262,0,4,0,2.819232852,-2085.00787,1794.080027,-0.002590253,500Y,0
21.82424652,0.078171275,257.8921151,0.162314487,0.9991125,0.010419868,-0.018137127,0,4,0,2.122996689,-583.6925828,2165.609321,-0.000173841,500Y,0
17.92173659,-0.016865324,228.1019706,0.029732491,0.994892423,0,-0.014064887,0,3,0,2.382757679,-607.4249283,2184.867522,-0.0001843,500Y,0
25.31975091,0.143486507,207.1224536,0.35304689,0.993367943,0.010705933,-0.023232526,0,5,0,2.263645933,-583.4611483,2165.273263,-0.000172249,500Y,0
22.53171584,-0.063650388,266.308955,0.03549837,0.996341615,0,-0.015549371,0,4,0,3.064254658,-2098.159332,1806.392531,-0.002771739,500Y,0
20.85015008,-0.080286566,170.6140342,0.014666137,0.99091725,0,-0.01624969,0,5,0,2.609109698,-608.7135135,2186.144785,-0.000166932,500Y,0
25.3372796,0.052434167,299.4206468,0.16275871,0.962981328,0.013841771,-0.021833985,0,4,0,2.641241578,-592.9169105,2172.378065,-0.000173244,500Y,0
24.15235178,0.03904721,285.4214748,0.131435956,0.959419213,0.000925984,-0.020512919,0,4,0,2.975882891,-597.5415005,2179.415929,-0.000155535,500Y,0
24.42181936,0.038167709,288.6062189,0.151784193,0.992327388,0.005720034,0.019545934,0,4,0,3.234133559,1588.287126,2789.326205,-0.01,500Z,1
28.40616564,0.403181574,335.5507716,0.405005086,0.993804894,0.000879367,0.031431699,0,4,0,3.455316699,-2804.035883,5868.983589,0,500Z,1
23.4727184,0.036529621,405.4167283,0.10729842,0.962662243,0,0.018631548,0,2,0,2.971437599,1505.595261,190.6442022,-0.009944708,500Z,1
23.26742573,0.05815541,274.9557403,0.153135626,0.961634699,0,0.016234706,0,4,0,2.810123648,4032.122844,3864.812743,-0.009822257,500Z,1
23.23823175,0.04553254,190.1187246,0.193415635,0.999979048,0.005549127,0.018882889,0,5,0,3.403380952,-2785.670857,5884.943984,0,500Z,1
23.1127564,0.161100388,189.0604119,0.293196199,0.995667261,0.006781303,0.017515547,0,5,0,3.029875873,1491.945764,177.1631575,-0.009875873,500Z,1
27.53461059,0.047060091,225.2703735,0.307027397,0.99573242,0.016949224,0.022523954,0,5,0,3.309406393,4041.703863,3854.557388,-0.009214612,500Z,1
23.42670794,0.026802915,191.6685474,0.155537004,0.993394818,0,0.016898146,0,5,0,2.474032389,1595.925466,2783.347619,-0.01,500Z,1
27.81966961,0.398374074,227.5068148,0.734953371,0.991588984,0,0.034103115,0,5,0,2.929287749,1568.112469,2809.243067,-0.01,500Z,1
27.84920826,-0.039549858,329.1425062,0.359253276,0.990843495,0.100068091,0.027884406,0,4,0,3.407283951,-2787.968234,5880.266838,0,500Z,1
25.6698126,0.006320231,210.0238483,0.279429281,0.998040728,0.019404614,0.020779849,0,5,0,3.185199645,1581.811154,2792.728997,-0.01,500Z,1
29.75079067,0.290974876,347.84786,0.333687984,0.949456604,0.003681231,0.031057368,0,3.886792453,0,3.116603774,1493.907031,179.6656207,-0.009831182,500Z,1
26.12471895,0.219594315,312.0789578,0.408344186,0.858666581,0.035838587,0.02853739,0,3.484065461,0,3.100628768,4064.333936,3830.578493,-0.009543497,500Z,1
20.66367045,-0.023250437,169.0725932,0.057426929,0.982554294,0,0.014437504,0,5,0,2.900938865,1597.567285,2779.020124,-0.01,500Z,1
30.20021985,0.217029106,247.0341736,0.442306445,0.999919854,0,0.030728909,0,5,0,4.027640333,1581.10816,2795.977765,-0.01,500Z,1
32.98581162,0.099109909,389.7932574,0.237513098,0.999284624,0,0.032972722,0,4,0,5.186492027,1589.449157,2788.680376,-0.01,500Z,1
21.1426583,-0.090648605,173.0100514,0.154249706,0.995406975,0.022757269,0.01554707,0,5,0,3.214603524,1585.281894,2787.5771,-0.01,500Z,1
27.75228937,0.339873754,286.3037883,0.443244591,0.95389492,0,0.030242286,0,4.2144873,0,4.948062088,-2802.572164,5873.238721,0,500Z,1
22.17766071,-0.077046056,282.2937791,0.022904733,0.999978813,0,0.014734455,0,3,0,3.841209617,1522.087761,207.1165214,-0.009767092,500Z,1
22.04613897,-0.009823897,280.5913912,0.058741544,0.999994118,0,0.015075596,0,3,0,3.394926471,4028.788691,3865.313463,-0.009095588,500Z,1
22.29525725,-0.12162662,187.6986296,0.307050694,0.924053858,0.038896605,0.017659684,0,5,0,2.546095679,1580.993272,2795.583071,-0.01,500Z,1
19.54322147,-0.022861685,159.9051855,0.049888587,0.994031386,0,0.013776121,0,5,0,2.976902174,1597.237154,2778.619579,-0.01,500Z,1
28.27452004,0.076131183,231.31626,0.225932454,0.981308113,0,0.023070596,0,5,0,3.519560117,1589.577019,2787.139394,-0.01,500Z,1
29.03802465,-0.063358617,237.6011132,0.257281663,1,0.010423146,0.025862766,0,5,0,2.593577154,1588.055721,2787.688377,-0.01,500Z,1
32.98447969,0.35395247,391.431416,0.460848408,0.999883644,0,0.044088891,0,3.939626784,0,3.386289791,1493.796981,180.1099012,-0.009758507,500Z,1
29.72538566,0.261223281,243.1366749,0.552830845,0.99984666,0.015177701,0.029696886,0,5,0,3.267043222,4049.212161,3844.815953,-0.009233792,500Z,1
32.49226902,0.203598804,265.7903185,0.542663261,0.999794674,0.004483043,0.036955337,0,5,0,4.025358696,1500.96038,188.0999239,-0.009597826,500Z,1
30.48616061,0.014138081,249.4283636,0.482326768,0.999861818,0.026078081,0.035625131,0,5,0,4.418717172,4040.973394,3854.805162,-0.008373737,500Z,1
25.16994421,0.035454569,297.4486623,0.174934117,0.99999765,0.008037598,0.019952419,0,4,0,3.22105309,1587.629521,2788.794056,-0.01,500Z,0
25.64853198,0.099444996,303.0797644,0.15561674,0.996869353,2.39E-06,0.01887093,0,4,0,2.972019486,1587.628946,2785.979841,-0.01,500Z,0
24.78123068,-0.008292881,292.8724178,0.116880593,0.99994322,0.006487288,0.018942373,1.004237288,4,0,2.541872881,-2779.071034,5887.703983,0,500Z,0
24.55353174,0.143024851,200.8535447,0.261739745,0.99907217,0,0.019247021,0,5,0,6.265795745,1581.423362,2799.007302,-0.01,500Z,0
22.66422234,0.071259953,185.4150737,0.272330251,0.999398354,0.019699843,0.017376082,0,5,0,3.227437304,1574.682437,2801.781536,-0.01,500Z,0
21.16552375,-0.00531622,173.1739254,0.073876032,0.999103548,0,0.014461492,0,5,0,2.737168718,-2775.675337,5894.897314,0,500Z,0
24.29400233,0.005195761,198.7674231,0.118355694,0.999749958,0.000786284,0.017201588,0,5,0,2.924447215,-2776.311405,5893.433383,0,500Z,0
27.81899048,-0.029335096,328.7813615,0.129465865,0.999683077,0.005117019,0.02238099,0,4,0,3.256586538,1591.526404,2781.723404,-0.01,500Z,0
25.8215889,0.034846285,211.2579839,0.180403491,0.994425694,0.004147986,0.018819024,0,5,0,3.326284691,-2779.103133,5892.871925,0,500Z,0
30.21333778,0.070112115,247.1808686,0.375434908,0.999912526,0.014883162,0.028113501,0,5,0,3.033767967,-2785.936848,5884.858409,0,500Z,0
25.91183351,0.00216586,306.2298163,0.10649086,0.997945072,0.000719713,0.019372303,0,4,0,3.07968638,1592.022437,2784.413611,-0.01,500Z,0
25.63747352,0.091811249,302.9521399,0.166721169,0.998593623,0.001896723,0.020515642,0,4,0,3.849548273,1584.896014,2793.413463,-0.01,500Z,0
25.04855212,0.11409758,295.9834149,0.162031806,0.997517978,0,0.019735583,0,4,0,2.886836646,1582.296932,2794.969542,-0.01,500Z,0
28.81137845,0.087606554,235.7055571,0.244449156,0.998949355,0,0.023606097,0,5,0,3.071807349,1588.513357,2787.730794,-0.01,500Z,0
25.67311661,0.055684821,303.3878098,0.130675446,0.992664643,0,0.019539946,0.086607143,4,0,6.0390625,-2781.125955,5891.230768,0,500Z,0
23.06412002,0.11009386,272.5327368,0.142302871,0.999275758,0.003546571,0.016967057,0,4,0,3.066507177,1583.795965,2793.764593,-0.01,500Z,0
19.91298084,-0.073875242,254.563574,0.054663209,0.957592739,0.010557815,0.013951473,0,3,0,2.99533195,1597.605816,2777.398485,-0.01,500Z,0
25.66490251,0.03471889,209.976085,0.179009221,0.993371979,0.001819338,0.019820367,0,5,0,3.158710833,1583.276517,2790.534673,-0.01,500Z,0
24.67363636,0.085988468,291.5637214,0.148630135,0.9957133,0.006888047,0.019455219,0,4,0,2.953552189,-2785.239175,5884.442534,0,500Z,0
23.74812521,0.046171675,194.2902323,0.143051724,0.991300657,0,0.016879491,0,5,0,2.807528736,1589.752759,2786.180501,-0.01,500Z,0
22.67741322,0.168639045,267.9396291,0.189372457,0.962833725,0.003708059,0.017786064,0,4,0,3.005226917,1574.087551,2803.265297,-0.01,500Z,0
31.67498954,0.19827244,374.2626198,0.351634205,0.960150545,0,0.037185207,0,4,0,5.841111111,1583.15341,2796.220011,-0.01,500Z,0
22.77574088,-0.001109796,269.168782,0.087594054,0.992708437,0,-0.011617627,0,4,0,2.726404304,-484.753675,4029.082922,-0.01,800Y,1
35.90729616,0.550231971,424.1422551,0.721175797,0.999661406,0.000279477,-0.039981823,0,4,0,1.44210139,-3934.291431,3765.910425,0,800Y,1
24.49954302,0.13336064,359.8321703,0.163899535,0.921631453,0,-0.012761006,0,2.78255814,0,2.365313953,1993.094395,1998.394738,-0.009401163,800Y,1
25.57438971,0.017293208,302.2359805,0.127420915,0.961407734,0,-0.013486812,0,4,0,2.524303968,1943.679731,4421.762623,-0.01,800Y,1
29.00573351,0.04603244,237.3070623,0.394737131,0.999982842,0.020054088,-0.019133934,0,5,0,2.93330429,-3962.321113,3782.46624,0,800Y,1
30.99411779,0.189038635,253.5367001,0.478663399,0.996011983,0.013590051,-0.020189579,0,5,0,2.146928105,1992.348729,1993.371975,-0.01,800Y,1
32.44449125,0.088007986,265.4308955,0.285407732,0.995834579,0,-0.019038879,0,5,0,2.119456245,1951.387918,4411.027179,-0.01,800Y,1
23.11476063,0.054563725,189.1058579,0.181666246,0.995111461,0,-0.011946017,0,5,0,2.032710602,-494.0493295,4022.188968,-0.01,800Y,1
26.21247372,0.129346675,214.4305378,0.627607747,0.99163144,0.04505481,-0.019273977,0,5,0,2.46120723,-533.7452873,3982.966953,-0.01,800Y,1
30.2722422,0.046810497,357.7443905,0.326729951,0.990838139,0.041597551,-0.018170609,0,4,0,2.552043387,-3965.329356,3786.920315,0,800Y,1
25.7524702,-0.044194693,210.7140997,0.133254092,0.9984039,0.006464066,-0.012799162,0,5,0,2.038484655,-480.0694629,4033.948095,-0.01,800Y,1
32.63652742,0.25936131,316.1939078,0.458382788,0.89072757,0,-0.024603077,0,3.698400609,0,3.199725819,1992.01,1992.390168,-0.008964204,800Y,1
34.47225076,0.321855416,344.1845443,0.521495345,0.91591889,0,-0.027658013,0,4.254252462,0,2.418576544,1966.291728,4394.07573,-0.01,800Y,1
21.72563609,0.008842482,177.752854,0.089220066,0.982867523,0,-0.010519382,0,5,0,2.49518316,-484.3359814,4028.86842,-0.01,800Y,1
30.04085442,0.152761396,245.7473794,0.365102673,0.999953526,0.003229844,-0.018464707,0,5,0,2.121046771,-499.2972309,4013.144736,-0.01,800Y,1
36.9237029,0.2227,436.2834597,0.435323348,0.999371222,0,-0.034484199,0,4,0,1.986506787,-502.8858552,4012.330226,-0.01,800Y,1
30.86210954,0.015914733,252.5038221,0.195228092,0.996107252,0,-0.017652145,0,5,0,2.939572519,-483.5579237,4029.690832,-0.01,800Y,1
40.69633622,0.199837337,332.9154907,0.702972253,0.999989572,0,-0.049794562,0,5,0,3.169506518,-3973.243408,3796.602002,0,800Y,1
16.33694224,-0.060016442,230.030799,0.124976627,0.85297578,0,-0.002285895,0,2.669618791,0,2.966245668,2122.419707,2096.438082,-0.009487871,800Y,1
21.84220662,0.037428251,277.9758268,0.081630495,0.999986881,0,-0.011131277,0,3,0,1.990069045,1948.655512,4411.814988,-0.01,800Y,1
27.32810167,0.226386546,356.227344,0.506940897,0.926375368,0.039209772,-0.022016024,0,2.963855422,0,3.026372155,-527.4896452,3992.558092,-0.01,800Y,1
30.77422582,0.124729992,251.7553166,0.323642976,0.993609415,0.000300835,-0.01982366,0,5,0,2.351093394,-496.2822248,4016.271314,-0.01,800Y,1
29.29131161,-0.012430189,239.659566,0.146972714,0.981147315,0,-0.015618781,0,5,0,2.788207547,-480.1211321,4033.106132,-0.01,800Y,1
30.34432361,0.074924438,248.2512834,0.242241454,1,0,-0.017026117,0,5,0,2.152788606,-489.3091754,4023.142714,-0.01,800Y,1
34.47091413,0.297338993,281.9538863,0.620864907,0.999874086,0,-0.025631592,0,5,0,2.37696182,1995.717864,1994.484273,-0.009512591,800Y,1
31.40257727,0.31871897,256.8433344,0.579537858,0.999881603,0,-0.022135953,0,5,0,2.566156991,1970.92193,4387.695053,-0.009779231,800Y,1
38.16902793,-0.011082901,312.2950645,0.298824799,0.999821486,0,-0.02966513,0,5,0,3.319820949,2023.480779,2026.355157,-0.008683975,800Y,1
34.59405532,0.134578339,283.0055397,0.43594278,0.99989287,0,-0.029400054,0,5,0,2.373844765,1952.275018,4410.16398,-0.01,800Y,1
25.36308069,0.028422956,299.7346415,0.120641447,0.999996918,0.001488428,-0.013114604,0,4,0,2.782893082,-483.6232453,4028.732616,-0.01,800Y,0
33.01625223,0.289263077,390.0782462,0.352668421,0.996612955,0.00058332,-0.023549457,0,4,0,2.7011417,-506.862502,4007.680016,-0.01,800Y,0
25.18915398,0.061798244,297.6657482,0.121343911,0.999906557,0,-0.011991136,0,4,0,2.298419204,-3975.527377,3802.131704,0,800Y,0
28.70417089,0.161305285,234.8083037,0.328004581,0.99905821,0.004560536,-0.016784292,0,5,0,5.973565891,-506.8770049,4011.364433,-0.009992953,800Y,0
26.64969467,0.165932479,217.9976956,0.288598159,0.999312558,0,-0.014486272,0,5,0,2.354017094,-504.0791979,4008.876509,-0.01,800Y,0
23.03510439,0.007366631,188.4669946,0.098072309,0.999188002,0,-0.010558731,0,5,0,2.238028923,-3983.822769,3807.115811,0,800Y,0
30.58239236,0.117313305,250.1876553,0.297119745,0.999738004,0,-0.017305011,0,5,0,2.527445152,-3971.998018,3798.456185,0,800Y,0
24.65125944,0.03708314,291.3184331,0.106439218,0.99973482,0,-0.012500159,0,4,0,2.543854612,-494.233427,4022.584117,-0.01,800Y,0
24.39017445,0.019631841,199.550668,0.131015524,0.994418074,0.000698697,-0.011656635,0,5,0,2.856623229,-3975.981167,3802.409768,0,800Y,0
28.88980743,0.030604351,236.3628086,0.184669545,0.999751004,0,-0.014624679,0,5,0,2.845167336,-3979.794746,3805.543942,0,800Y,0
24.53037791,0.013322885,200.6994753,0.117497626,0.99773311,0,-0.012159452,0,5,0,2.567029823,-484.0802495,4028.074413,-0.01,800Y,0
25.42277888,-0.017166204,300.4577806,0.081448424,0.998581715,0.00106261,-0.013047062,0,4,0,3.126374527,-476.9823707,4033.348594,-0.01,800Y,0
25.09345687,0.080406899,296.5273406,0.132340584,0.997706588,0,-0.012692902,0,4,0,2.195332505,-490.2601989,4019.807526,-0.01,800Y,0
23.67318595,-0.035760317,193.6994397,0.067832922,0.999152146,0,-0.011456302,0,5,0,2.918912404,-475.0914109,4037.36381,-0.01,800Y,0
25.34570212,-0.002969181,299.5411715,0.09103901,0.992344549,0,-0.012192846,0,4,0,3.110459635,-3987.435857,3809.032876,0,800Y,0
24.32766021,-0.000769928,287.508997,0.077831522,0.999282126,0,-0.011878237,0,4,0,2.429408213,-480.7695894,4031.715803,-0.01,800Y,0
18.91586424,0.028314876,240.7353515,0.077990192,0.99762717,0,-0.009632914,0,3,0,2.61901924,-472.9793806,4041.762975,-0.01,800Y,0
29.86733965,0.125851216,244.334804,0.287506411,0.993885114,0,-0.01712636,0,5,0,2.358113486,-495.5628371,4017.516205,-0.01,800Y,0
23.16288718,-0.027067888,273.7538384,0.055462769,0.995672791,0,-0.010596713,0,4,0,2.760037716,-3991.7182,3815.197333,0,800Y,0
24.64430452,-0.004786797,201.636511,0.109056663,0.990927384,0,-0.012238704,0,5,0,2.326259169,-479.2999144,4029.331143,-0.01,800Y,0
26.26534295,0.136744964,310.3547654,0.175881352,0.962975828,0,-0.013743047,0,4,0,2.346608187,-497.9512671,4014.638564,-0.01,800Y,0
25.96360937,0.067402888,306.8160777,0.147965533,0.95936656,0.001437099,-0.013781149,0,4,0,3.166713736,-484.9756996,4027.20258,-0.01,800Y,0
23.24076781,0.017690993,274.6562983,0.091951692,0.992396902,0,0.011717648,0,4,0,3.233602983,1427.463075,1688.146661,0,800Z,1
33.36809602,0.300460159,394.2319825,0.530163347,0.998543665,0.01460749,0.03135553,0,4,0,3.076621514,-230.9767171,1258.841625,-0.000135458,800Z,1
26.03107297,0.077497164,212.9606875,0.216608381,0.99998702,0.002377694,0.013634234,0,5,0,3.458412098,-265.166276,1291.354247,-8.82E-05,800Z,1
23.04438188,0.004130341,188.5438136,0.114348977,0.995160682,0,0.011412318,0,5,0,2.635051136,1431.210494,1687.15696,0,800Z,1
20.55450819,0.079911602,204.0941457,0.625125519,0.864215371,0.004525608,0.021756555,0,4.077448071,0,3.032703264,1519.634976,1571.973718,-0.000878338,800Z,1
34.08731992,0.023160658,402.8410502,0.217208477,0.990802469,0,0.021032502,0,4,0,3.224930041,-269.2592016,1298.660165,-9.05E-05,800Z,1
26.46412581,0.006557301,216.5229094,0.237403325,0.998219426,0.015720339,0.014963338,0,5,0,2.869276402,1436.58045,1680.855241,0,800Z,1
21.79074817,0.007734626,178.2858493,0.090868487,0.983494484,0,0.010820273,0,5,0,2.770458766,1432.599776,1685.918727,0,800Z,1
28.95667578,0.075041667,236.8978234,0.274579558,0.999991097,0.006734259,0.016307123,0,5,0,3.618205128,1439.280392,1672.464024,0,800Z,1
32.82501584,0.141451849,387.8762886,0.264601286,0.999528617,0,0.024776849,0,4,0,3.237596463,1442.750466,1670.740506,0,800Z,1
29.07579456,0.064316953,237.8753112,0.214071245,0.996366524,0,0.015786094,0,5,0,3.122453505,1435.097253,1682.41073,0,800Z,1
28.75404588,0.144453915,302.2209681,0.282113028,0.9834386,0,0.017209494,0,4.195426195,0,3.664747055,-253.0020513,1280.430028,-9.70E-05,800Z,1
23.99539722,0.029722872,305.7623635,0.152030437,0.97336383,0.005535284,0.013835165,0,3,0,3.626394799,1425.410987,1690.642778,0,800Z,1
26.42798462,0.13604841,216.1918131,0.285816937,0.994012654,0.000625827,0.015238767,0,5,0,2.706443868,1451.517489,1666.566483,0,800Z,1
25.35613568,0.098788646,207.4323649,0.204764878,0.981519838,0,0.013145852,0,5,0,3.024123518,1441.725508,1672.979432,0,800Z,1
27.81987027,-0.001362397,227.6174801,0.148019589,0.999999384,0,0.015208651,0,5,0,2.832493151,1427.749753,1690.61761,0,800Z,1
24.937431,0.025423985,294.705075,0.123915744,1,0.00460369,0.013142497,0,4,0,3.03899754,1428.050055,1686.860363,0,800Z,0
32.19434102,0.29222549,380.3635388,0.385736314,0.996704706,0.00772651,0.024964541,0,4,0,2.660996078,1459.330667,1652.190141,0,800Z,0
23.24455592,0.000561387,274.7081477,0.078061669,0.999905919,0,0.011102875,0,4,0,2.416640361,-278.8410485,1308.72863,-0.000163472,800Z,0
24.40628533,0.145182562,199.6481858,0.312758268,0.999142393,0.007585027,0.013955622,0,5,0,6.321100421,1458.691521,1654.994215,0,800Z,0
23.17635168,0.098204957,189.5979077,0.252153618,0.999344957,0.010890256,0.012128256,0,5,0,3.360273504,1457.873236,1649.92816,0,800Z,0
14.61269565,0.155881098,178.3136787,0.140635858,0.821446568,0.003375286,0.012270641,0.223340961,3.533180778,0,2.374146453,-95.93289931,687.8051876,-4.58E-05,800Z,0
32.14212876,0.147767001,262.9404904,0.422669237,0.999732845,0,0.021198134,0,5,0,3.056037008,-250.6972244,1272.146253,-0.000107941,800Z,0
25.01075256,-0.008307156,295.5848692,0.094098766,0.999689636,0.002879951,0.0127143,0,4,0,3.186002468,1428.805713,1690.617489,0,800Z,0
24.28387076,0.043219942,198.6744503,0.147850292,0.995421871,0.000460877,0.011898497,0,5,0,3.214321637,-260.460848,1286.172029,-0.000105263,800Z,0
29.30517089,-0.005604722,287.1143756,0.147315997,0.965311698,0,0.015450902,0,4.465821001,0,2.805637773,-269.2449753,1295.67544,-0.000133897,800Z,0
25.05700192,-0.010025402,205.0145643,0.108991038,0.998061001,0.000528554,0.012357998,0,5,0,3.067292954,1429.557089,1685.949289,0,800Z,0
20.83903483,-0.009696553,246.2833272,0.074887603,0.998046245,0.002908436,0.010474218,0,4,0,3.402283951,1423.054907,1686.742757,0,800Z,0
25.61787932,0.042287011,302.7400536,0.12686633,0.998246028,0.002186885,0.013319723,0,4,0,2.795069357,1440.718405,1672.77541,0,800Z,0
28.02440069,0.093476976,229.2650402,0.227706033,0.99909466,0,0.01526568,0,5,0,3.054160888,1441.100735,1673.311657,0,800Z,0
25.44713493,0.030243278,300.726798,0.113050706,0.992078821,0,0.012765691,0,4,0,3.281829343,-271.8492142,1299.624954,-7.98E-05,800Z,0
22.74885713,-0.029323539,268.8616472,0.050525899,0.999211461,0,0.011053084,0,4,0,2.863151685,1423.68418,1693.919185,0,800Z,0
18.94716489,0.026368396,241.3463955,0.071317999,0.981580411,0.00203899,0.009770229,0,3,0,3.226241234,1436.489439,1683.684189,0,800Z,0
25.88885619,-0.009929273,211.8205676,0.138829528,0.993734056,0.003351339,0.013163048,0,5,0,2.815695153,1429.743253,1685.338278,0,800Z,0
23.03155714,-0.042687437,272.2078972,0.053220178,0.996577654,0,0.011572657,0,4,0,3.135975542,-289.5792273,1314.094769,-8.89E-05,800Z,0
23.9362544,0.011182832,195.8390383,0.110550383,0.990555811,0,0.011890991,0,5,0,2.623038348,1433.57249,1685.543729,0,800Z,0
28.68740715,0.231866454,338.9416377,0.271612597,0.963146709,0,0.018400092,0,4,0,3.2087615,1452.824841,1659.248018,0,800Z,0
24.43072177,0.052812808,288.7058184,0.132889657,0.95990012,0.002946603,0.012783506,0,4,0,3.070607336,1447.574185,1668.316061,0,800Z,0
27.816331,0.093476976,249.5970649,0.124564,0.989621,0.000967,0.013105,0,4.616455,0,3.068314,582.1642,1489.604,0,800Z,0
